<?xml version="1.0" encoding="utf-8"?>
<search>
  
  
  
  <entry>
    <title>在 VMware Workstation 16 的 Windows 7 安装 tool</title>
    <link href="/vm16useNT6.1tool/"/>
    <url>/vm16useNT6.1tool/</url>
    
    <content type="html"><![CDATA[<link rel="stylesheet" class="aplayer-secondary-style-marker" href="\assets\css\APlayer.min.css"><script src="\assets\js\APlayer.min.js" class="aplayer-secondary-script-marker"></script><!--<script>console.error("Error: [hexo-tag-aplayer] Specified asset file not found (歌曲封面直链)");</script>--><!-- =^∇^*= --><h1 id="用前说明"><a href="#用前说明" class="headerlink" title="用前说明"></a>用前说明</h1><p>Windows Vista 不支持该方法，请转到 <a href="https://blog.csdn.net/DCTANT/article/details/117886423">他人 CSDN</a> 查看另一种办法</p><h2 id="实验环境"><a href="#实验环境" class="headerlink" title="实验环境"></a>实验环境</h2><p>OS:Windows 11<br>VMware Workstation 16.2.3<br>虚拟机演示系统：Windows Embedded Standard 7<br><a href="https://savef-my.sharepoint.com/:u:/g/personal/goo_aw233_savef_onmicrosoft_com/EbHzD1lPKlNGikgWWMtBLicBGyVcwT8RCIs4XQ5V_V0mXw?e=bbdK45">补丁</a></p><h1 id="在虚拟机中插入镜像"><a href="#在虚拟机中插入镜像" class="headerlink" title="在虚拟机中插入镜像"></a>在虚拟机中插入镜像</h1><p>然后回到虚拟机，点击虚拟机设置<br><img src="/images/vm16useNT6.1tool/tool/3.png"><br>在虚拟机设置中选择 CD&#x2F;DVD，然后点击右边的使用 ISO 映像文件，并点击浏览<br><img src="/images/vm16useNT6.1tool/pack/1.png"></p><h1 id="安装补丁"><a href="#安装补丁" class="headerlink" title="安装补丁"></a>安装补丁</h1><p>插入补丁后点击 Windows 徽标键&gt;计算机<br><img src="/images/vm16useNT6.1tool/pack/2.png"><br>双击打开 CD 驱动器<br><img src="/images/vm16useNT6.1tool/pack/3.png"><br>在这个页面选择合适的补丁版本并安装</p><hr><p>Windows Home Server 2011 请安装<br>适于 Windows Server 2008 R2 x64 的 安全更新 (KB4474419) .msu</p><hr><p>等待一会，然后选择是(Y)<br><img src="/images/vm16useNT6.1tool/pack/4.png"><br>大约会在 30s 左右完成<br><img src="/images/vm16useNT6.1tool/pack/5.png"><br>完成后点击立即重新启动<br><img src="/images/vm16useNT6.1tool/pack/6.png"></p><h1 id="安装-tool"><a href="#安装-tool" class="headerlink" title="安装 tool"></a>安装 tool</h1><p>重启后安装正常方式安装 tool 即可<br><img src="/images/vm16useNT6.1tool/pack/7.png"></p><h1 id="如果你安装-tool-的按钮是灰色的"><a href="#如果你安装-tool-的按钮是灰色的" class="headerlink" title="如果你安装 tool 的按钮是灰色的"></a>如果你安装 tool 的按钮是灰色的</h1><p>—–如果你知道安装路径可忽略这段—–<br>在桌面上右键 VMware Workstation 快捷方式，然后选择属性<br><img src="/images/vm16useNT6.1tool/tool/1.png"><br>然后复制起始位置这个路径（不包括引号）<br><img src="/images/vm16useNT6.1tool/tool/2.png"></p><hr><p>然后回到虚拟机，点击虚拟机设置<br><img src="/images/vm16useNT6.1tool/tool/3.png"><br>在虚拟机设置中选择 CD&#x2F;DVD，然后点击右边的使用 ISO 映像文件，并点击浏览<br>（如果没有 CD&#x2F;DVD 则需要自己在设置下面添加一个<br>在弹出的窗口中点击上方的地址栏空白处并将路径粘贴进去，然后回车<br><img src="/images/vm16useNT6.1tool/tool/4.png"><br>向下滑动找到 windows.iso 并选择，然后点击打开<br><img src="/images/vm16useNT6.1tool/tool/5.png"><br>然后点击虚拟机设置下方的确定按钮即可<br>插入补丁后点击 Windows 徽标键&gt;计算机<br><img src="/images/vm16useNT6.1tool/pack/2.png"><br>双击 CD 驱动器即可打开安装程序<br><img src="/images/vm16useNT6.1tool/pack/3.png"><br>然后正常安装 tool 即可<br><img src="/images/vm16useNT6.1tool/pack/7.png"></p><h1 id="后记"><a href="#后记" class="headerlink" title="后记"></a>后记</h1><p>写这个文章的时候感觉有点弱智（）<br>毕竟这么简单的方法（）</p>]]></content>
    
    
    <categories>
      
      <category>VMware</category>
      
      <category>Workstation</category>
      
    </categories>
    
    
  </entry>
  
  
  
  <entry>
    <title>在 VMware Workstation 中安装 macOS</title>
    <link href="/vmmacOS/"/>
    <url>/vmmacOS/</url>
    
    <content type="html"><![CDATA[<link rel="stylesheet" class="aplayer-secondary-style-marker" href="\assets\css\APlayer.min.css"><script src="\assets\js\APlayer.min.js" class="aplayer-secondary-script-marker"></script>        <div id="aplayer-rPOjYsEb" class="aplayer aplayer-tag-marker" style="margin-bottom: 20px;">            <div class="hljs code-wrapper"><pre class="aplayer-lrc-content"></pre></div>        </div>        <script>          var ap = new APlayer({            element: document.getElementById("aplayer-rPOjYsEb"),            narrow: false,            autoplay: true,            showlrc: false,            music: {              title: "Flower Dance",              author: "DJ OKAWARI",              url: "https://media.antipa.cn/anti/awblog/flowerdance-djokawari.mp3",              pic: "https://img4.kuwo.cn/star/albumcover/300/29/88/3547343060.jpg",              lrc: ""            }          });          window.aplayers || (window.aplayers = []);          window.aplayers.push(ap);        </script><!-- =^∇^*= --><h1 id="用前说明"><a href="#用前说明" class="headerlink" title="用前说明"></a>用前说明</h1><p>因为是虚拟机且没有显卡，所以版本越高，卡顿便越明显<br>如果安装 macOS Big Sur 或更高版本安装时出现更新错误之类的报错，请把以下代码添加到 vmx 文件的最末端<br>（取自<a href="https://heipg.cn/tutorial/install-macos-by-using-vmware-in-windows.html">黑苹果星球</a>）</p><figure class="highlight ini"><table><tr><td class="gutter hljs"><div class="hljs code-wrapper"><pre><span class="line">1</span><br><span class="line">2</span><br><span class="line">3</span><br><span class="line">4</span><br></pre></div></td><td class="code"><div class="hljs code-wrapper"><pre><code class="hljs ini"><span class="hljs-attr">board-id</span> = <span class="hljs-string">&quot;Mac-7BA5B2D9E42DDD94&quot;</span><br><span class="hljs-attr">hw.model</span> = <span class="hljs-string">&quot;iMacPro1,1&quot;</span><br><span class="hljs-attr">uuid.action</span> = <span class="hljs-string">&quot;keep&quot;</span><br><span class="hljs-attr">smc.version</span> = <span class="hljs-string">&quot;0&quot;</span><br></code></pre></div></td></tr></table></figure><h2 id="实验环境"><a href="#实验环境" class="headerlink" title="实验环境"></a>实验环境</h2><p>OS:Windows 11<br>VMware Workstation Pro 16<br>—–以下镜像任选一即可—–<br><a href="https://savef-my.sharepoint.com/:f:/g/personal/goo_aw233_savef_onmicrosoft_com/EtMnMsc19SZPiXnWTUNnXqQBCfedtvT4T-iZ_e43W5halQ">CDR&#x2F;ISO（你也可以在其他地方下载）</a><br>DMG<br>—–以下解锁工具任选一即可—–<br><a href="https://github.com/DrDonk/unlocker">Golocker</a><br><a href="https://github.com/theJaxon/unlocker">Unlocker（已弃坑，如果不是旧版本需要请不要使用该工具）</a></p><h2 id="解锁工具的使用（任选一观看即可）"><a href="#解锁工具的使用（任选一观看即可）" class="headerlink" title="解锁工具的使用（任选一观看即可）"></a>解锁工具的使用（任选一观看即可）</h2><p>解锁前请关闭 VMware Workstation 的主程序窗口<br>如果安装不成功可能需要重启电脑后再次运行</p><p>如果你先前已经解锁过，请跳到后续步骤</p><h3 id="Golocker"><a href="#Golocker" class="headerlink" title="Golocker"></a>Golocker</h3><p>利用管理员身份运行 CMD<br>然后输入如下命令</p><figure class="highlight jboss-cli"><table><tr><td class="gutter hljs"><div class="hljs code-wrapper"><pre><span class="line">1</span><br><span class="line">2</span><br><span class="line">3</span><br></pre></div></td><td class="code"><div class="hljs code-wrapper"><pre><code class="hljs jboss-cli"><span class="hljs-keyword">cd</span> 文件路径<br>（比如文件夹在 D 盘下命令就是 <span class="hljs-keyword">cd</span> D:\golocker\windows）<br><span class="hljs-string">./unlocker.exe</span> install<br></code></pre></div></td></tr></table></figure><p>等待一下即可完成解锁，然后按任意键即可退出<br><img src="/images/vmmacOS/Unlock/1.png"></p><hr><h3 id="Unlocker"><a href="#Unlocker" class="headerlink" title="Unlocker"></a>Unlocker</h3><p>如果你不想下载 tools 太慢可以按照以下步骤<br><a href="https://savef-my.sharepoint.com/:f:/g/personal/goo_aw233_savef_onmicrosoft_com/Emo_b2zZGBZJqCE8XPOBkhgBT98lgio2ohn5DtpJY0l8ww?e=wctxZq">tools 下载</a><br>下载完后在 unlocker 文件夹中创建一个名为 tools 的文件夹并把 tools 放进去<br><img src="/images/vmmacOS/Unlock/2.png"></p><hr><p>找到 win-install.cmd<br>右键以管理员身份运行<br><img src="/images/vmmacOS/Unlock/3.png"><br>出现 UAC 弹窗点击确定即可<br><img src="/images/vmmacOS/Unlock/4.png"><br>等待一下就解锁完成然后开始下载 tools<br><img src="/images/vmmacOS/Unlock/5.png"></p><hr><p>如果你提前保存过 tools，在这个界面输入 n 即可<br><img src="/images/vmmacOS/Unlock/6.png"></p><h1 id="创建虚拟机"><a href="#创建虚拟机" class="headerlink" title="创建虚拟机"></a>创建虚拟机</h1><p>如果你需要用 DMG 请看这篇文章</p><a href="/vmdmg/" title="使用 DMG 引导虚拟机 macOS">使用 DMG 引导虚拟机 macOS</a><hr><p>选择系统镜像的时候如果使用的是 CDR 则需要在右下角改为所有格式<br><img src="/images/vmmacOS/vmx/1.png"><br>出现“无法检测此光盘映像中的操作系统”无需理会，点击下一步即可<br>然后选择好正确的系统版本<br><img src="/images/vmmacOS/vmx/2.png"><br>创建磁盘的时候一定要选将虚拟磁盘存储为单个文件(O)<br><img src="/images/vmmacOS/vmx/3.png"><br>完成后点击编辑虚拟机设置，将网络适配器改为桥接（可能需要在虚拟网络编辑器里更改桥接对象）<br><img src="/images/vmmacOS/vmx/4.png"><br>完成后开启虚拟机即可进入 macOS<br><img src="/images/vmmacOS/vmx/5.png"><br>最后按照正常的方式安装 macOS 即可</p><h1 id="题外话"><a href="#题外话" class="headerlink" title="题外话"></a>题外话</h1><p>macOS 安装与 Windows 不同，需要手动格式化磁盘<br>近期版本可在主界面直接选择磁盘工具<br><img src="/images/vmmacOS/more/1.png"><br>较为早期的版本（如 OS X 10.11 及更早的版本）则需要在上方的实用工具打开<br><img src="/images/vmmacOS/more/2.png"><br>近期版本请选择 APFS，分区表选择 GUID<br><img src="/images/vmmacOS/more/3.png"><br>较为早期（如 OS X 10.11 及更早）不支持 APFS 的版本则选择 Mac OS 扩展 (日志式)<br><img src="/images/vmmacOS/more/4.png"></p>]]></content>
    
    
    <categories>
      
      <category>VMware</category>
      
      <category>Workstation</category>
      
    </categories>
    
    
  </entry>
  
  
  
  <entry>
    <title>安装 WSA 及其它三件套</title>
    <link href="/wsa3in1/"/>
    <url>/wsa3in1/</url>
    
    <content type="html"><![CDATA[<link rel="stylesheet" class="aplayer-secondary-style-marker" href="\assets\css\APlayer.min.css"><script src="\assets\js\APlayer.min.js" class="aplayer-secondary-script-marker"></script><p>#<script>console.error("Error: [hexo-tag-aplayer] Specified asset file not found (歌曲封面直链)");</script></p><!-- =^∇^*= --><h1 id="用前说明"><a href="#用前说明" class="headerlink" title="用前说明"></a>用前说明</h1><h2 id="实验环境"><a href="#实验环境" class="headerlink" title="实验环境"></a>实验环境</h2><p>OS:Windows 11 Dev（只要是 Windows 11 都可以）<br>在控制面板打开 Hyper-V 和虚拟机平台<br><img src="/images/wsa3in1/1.png"><br><a href="https://www.microsoft.com/store/productId/9NQPSL29BFFF">OpenCL 和 OpenGL 扩展包</a><br>WSL 显卡驱动（如果是笔记本建议两个显卡都装）<br><a href="https://www.intel.com/content/www/us/en/download/19344/intel-graphics-windows-dch-drivers.html">Intel</a><br><a href="https://developer.nvidia.com/cuda/wsl">NVIDIA</a><br><a href="https://www.amd.com/en/support/kb/release-notes/rn-rad-win-wsl-support">AMD</a><br><a href="https://github.com/makazeu/WsaToolbox">WsaToolbox（如果你会使用 adb 可不使用）</a><br>如果你 GitHub 访问过慢还需要代理</p><h1 id="下载-WSA-及其它三件套"><a href="#下载-WSA-及其它三件套" class="headerlink" title="下载 WSA 及其它三件套"></a>下载 WSA 及其它三件套</h1><p>访问 GitHub 并登陆自己的账户：<a href="https://github.com/LSPosed/MagiskOnWSA">https://github.com/LSPosed/MagiskOnWSA</a><br>在该页面中点击右上角的 Fork<br><img src="/images/wsa3in1/download/1.png"><br>等待完成后点击库下方的 Actions<br><img src="/images/wsa3in1/download/2.png"><br>在页面中选择 Build WSA，然后点击右边的 Run workflow，并将 GApps 的 none 改成别的<br>最后点击 Run workflow<br><img src="/images/wsa3in1/download/3.png"><br>如果无法区分应该选什么可以参考以下图表<br><img src="/images/wsa3in1/download/3.1.png"><br>运行过程可能有6分钟左右<br><img src="/images/wsa3in1/download/4.png"><br>完成后点击 Build WSA<br><img src="/images/wsa3in1/download/5.png"><br>然后在下面点击带有 x64 的选项（如果你是 arm64 设备请选带有 arm64 的选项）<br><img src="/images/wsa3in1/download/6.png"><br>然后就开始下载了（单线程会比较慢，早上速度会快点）<br><img src="/images/wsa3in1/download/7.png"><br>下载完后解压到任意路径即可（如果你不需要用 WSA 了才可删除该文件夹，所以请选择解压到合适路径）</p><h1 id="安装"><a href="#安装" class="headerlink" title="安装"></a>安装</h1><p>在设置中打开开发者选项<br><img src="/images/wsa3in1/install/1.png"><br>以<font size=5>管理员身份运行</font> PowerShell 或 Windows Terminal（终端）<br>然后输入以下命令</p><figure class="highlight oxygene"><table><tr><td class="gutter hljs"><div class="hljs code-wrapper"><pre><span class="line">1</span><br><span class="line">2</span><br></pre></div></td><td class="code"><div class="hljs code-wrapper"><pre><code class="hljs oxygene">cd 解压的路径<br><span class="hljs-keyword">Add</span>-AppxPackage -<span class="hljs-keyword">Register</span> AppxManifest.xml<br></code></pre></div></td></tr></table></figure><p>等待一会就安装好了<br><img src="/images/wsa3in1/install/3.png"></p><h1 id="完善设置及双击安装包来安装应用"><a href="#完善设置及双击安装包来安装应用" class="headerlink" title="完善设置及双击安装包来安装应用"></a>完善设置及双击安装包来安装应用</h1><h2 id="完善设置"><a href="#完善设置" class="headerlink" title="完善设置"></a>完善设置</h2><p>打开 适用于 Android™ 的 Windows 子系统设置<br>把用于 Android&gt; 的应用的 GPU;改为独立显卡<br>把开发人员模式打开<br><img src="/images/wsa3in1/setting/1.png"></p><h2 id="安装应用"><a href="#安装应用" class="headerlink" title="安装应用"></a>安装应用</h2><p>打开 WsaToolbox，点击安装APK，再点击选择 APK 并选择你下载好的 apk 文件，最后点击安装 APK<br><img src="/images/wsa3in1/setting/2.png"><br>安装完成后可在开始菜单中找到它们<br>如果你不想找应用麻烦，可以在<a href="https://coolapk.com/">酷安</a>自带的应用商店下载</p><h3 id="双击安装应用"><a href="#双击安装应用" class="headerlink" title="双击安装应用"></a>双击安装应用</h3><p>在 Microsoft Store 中安装 <a href="https://www.microsoft.com/store/productId/9P2JFQ43FPPG">APK 安装程序</a><br>这样就可以像 appx 那样双击安装了<br><img src="/images/wsa3in1/setting/3.png"></p>]]></content>
    
    
    <categories>
      
      <category>软件</category>
      
    </categories>
    
    
  </entry>
  
  
  
  <entry>
    <title>在 VMware Workstation 下用 DMG 镜像安装 macOS 系统</title>
    <link href="/vmdmg/"/>
    <url>/vmdmg/</url>
    
    <content type="html"><![CDATA[<link rel="stylesheet" class="aplayer-secondary-style-marker" href="\assets\css\APlayer.min.css"><script src="\assets\js\APlayer.min.js" class="aplayer-secondary-script-marker"></script>        <div id="aplayer-dsXIYlvx" class="aplayer aplayer-tag-marker" style="margin-bottom: 20px;">            <div class="hljs code-wrapper"><pre class="aplayer-lrc-content"></pre></div>        </div>        <script>          var ap = new APlayer({            element: document.getElementById("aplayer-dsXIYlvx"),            narrow: false,            autoplay: true,            showlrc: false,            music: {              title: "Flower Dance",              author: "DJ OKAWARI",              url: "https://media.antipa.cn/anti/awblog/flowerdance-djokawari.mp3",              pic: "https://img4.kuwo.cn/star/albumcover/300/29/88/3547343060.jpg",              lrc: ""            }          });          window.aplayers || (window.aplayers = []);          window.aplayers.push(ap);        </script><!-- =^∇^*= --><h1 id="用前说明"><a href="#用前说明" class="headerlink" title="用前说明"></a>用前说明</h1><h2 id="把话说在前面"><a href="#把话说在前面" class="headerlink" title="把话说在前面"></a>把话说在前面</h2><p>macRecovery 是从 Apple 服务器下载镜像，安装速度因人而异<br>方法启发于<a href="https://zhuanlan.zhihu.com/p/130692555">知乎</a><br>如果安装 macOS Big Sur 或更高版本安装时出现更新错误之类的报错，请把以下代码添加到 vmx 文件的最末端<br>（取自<a href="https://heipg.cn/tutorial/install-macos-by-using-vmware-in-windows.html">黑苹果星球</a>）</p><figure class="highlight ini"><table><tr><td class="gutter hljs"><div class="hljs code-wrapper"><pre><span class="line">1</span><br><span class="line">2</span><br><span class="line">3</span><br><span class="line">4</span><br></pre></div></td><td class="code"><div class="hljs code-wrapper"><pre><code class="hljs ini"><span class="hljs-attr">board-id</span> = <span class="hljs-string">&quot;Mac-7BA5B2D9E42DDD94&quot;</span><br><span class="hljs-attr">hw.model</span> = <span class="hljs-string">&quot;iMacPro1,1&quot;</span><br><span class="hljs-attr">uuid.action</span> = <span class="hljs-string">&quot;keep&quot;</span><br><span class="hljs-attr">smc.version</span> = <span class="hljs-string">&quot;0&quot;</span><br></code></pre></div></td></tr></table></figure><h2 id="实验环境（其他环境一样可以）"><a href="#实验环境（其他环境一样可以）" class="headerlink" title="实验环境（其他环境一样可以）"></a>实验环境（其他环境一样可以）</h2><p>VMware Workstation 16.2.2（VirtualBox 不可用，详情看文章结尾）<br>OS:Windows 11<br><a href="https://github.com/acidanthera/OpenCorePkg/releases">macRecovery</a><br><a href="https://www.python.org/downloads">Python</a><br>以下两个工具任选一即可（如果已解锁请忽略）<br><a href="https://github.com/DrDonk/unlocker">Unlocker</a><br><a href="https://github.com/DrDonk/golocker">Golocker</a><br><a href="https://github.com/balena-io/etcher/releases/tag/v1.4.9">Etcher（建议选带 Portable 的版本）</a><br>dmg 镜像，如果没有可在下面截取命令来获取<br>使用方法：将压缩包解压后在 \Utilities\macrecovery 下按住 Shift 不放然后单击右键选择 PowerShell<br>（Windows 11 或安装终端的 Windows 10 可以直接右键选择 Open in Terminal）<br>下载好的镜像在 macrecovery 目录</p><figure class="highlight vim"><table><tr><td class="gutter hljs"><div class="hljs code-wrapper"><pre><span class="line">1</span><br><span class="line">2</span><br><span class="line">3</span><br><span class="line">4</span><br><span class="line">5</span><br><span class="line">6</span><br><span class="line">7</span><br><span class="line">8</span><br><span class="line">9</span><br><span class="line">10</span><br><span class="line">11</span><br><span class="line">12</span><br><span class="line">13</span><br><span class="line">14</span><br><span class="line">15</span><br><span class="line">16</span><br><span class="line">17</span><br><span class="line">18</span><br><span class="line">19</span><br><span class="line">20</span><br><span class="line">21</span><br><span class="line">22</span><br><span class="line">23</span><br><span class="line">24</span><br><span class="line">25</span><br><span class="line">26</span><br><span class="line">27</span><br><span class="line">28</span><br><span class="line">29</span><br><span class="line">30</span><br><span class="line">31</span><br><span class="line">32</span><br></pre></div></td><td class="code"><div class="hljs code-wrapper"><pre><code class="hljs vim"><span class="hljs-number">10.7</span>:（实测不能用）<br><span class="hljs-keyword">python</span> macrecovery.<span class="hljs-keyword">py</span> -<span class="hljs-keyword">b</span> Mac-<span class="hljs-number">2</span>E6FAB96566FE58C -<span class="hljs-keyword">m</span> <span class="hljs-number">00000000000</span>F25Y00 download<br><br><span class="hljs-number">10.8</span>:<br><span class="hljs-keyword">python</span> macrecovery.<span class="hljs-keyword">py</span> -<span class="hljs-keyword">b</span> Mac-<span class="hljs-number">7</span>DF2A3B5E5D671ED -<span class="hljs-keyword">m</span> <span class="hljs-number">00000000000</span>F65100 download<br><br><span class="hljs-number">10.9</span>:<br><span class="hljs-keyword">python</span> macrecovery.<span class="hljs-keyword">py</span> -<span class="hljs-keyword">b</span> Mac-F60DEB81FF30ACF6 -<span class="hljs-keyword">m</span> <span class="hljs-number">00000000000</span>FNN100 download<br><br><span class="hljs-number">10.10</span>:<br><span class="hljs-keyword">python</span> macrecovery.<span class="hljs-keyword">py</span> -<span class="hljs-keyword">b</span> Mac-E43C1C25D4880AD6 -<span class="hljs-keyword">m</span> <span class="hljs-number">00000000000</span>GDVW00 download<br><br><span class="hljs-number">10.11</span>:<br><span class="hljs-keyword">python</span> macrecovery.<span class="hljs-keyword">py</span> -<span class="hljs-keyword">b</span> Mac-FFE5EF870D7BA81A -<span class="hljs-keyword">m</span> <span class="hljs-number">00000000000</span>GQRX00 download<br><br><span class="hljs-number">10.12</span>:<br><span class="hljs-keyword">python</span> macrecovery.<span class="hljs-keyword">py</span> -<span class="hljs-keyword">b</span> Mac-<span class="hljs-number">77</span>F17D7DA9285301 -<span class="hljs-keyword">m</span> <span class="hljs-number">00000000000</span>J0DX00 download<br><br><span class="hljs-number">10.13</span>：<br><span class="hljs-keyword">python</span> macrecovery.<span class="hljs-keyword">py</span> -<span class="hljs-keyword">b</span> Mac-<span class="hljs-number">7</span>BA5B2D9E42DDD94 -<span class="hljs-keyword">m</span> <span class="hljs-number">00000000000</span>J80300 download<br><br><span class="hljs-number">10.14</span>：<br><span class="hljs-keyword">python</span> macrecovery.<span class="hljs-keyword">py</span> -<span class="hljs-keyword">b</span> Mac-<span class="hljs-number">7</span>BA5B2DFE22DDD8C -<span class="hljs-keyword">m</span> <span class="hljs-number">00000000000</span>KXPG00 download<br><br><span class="hljs-number">10.15</span>：<br><span class="hljs-keyword">python</span> macrecovery.<span class="hljs-keyword">py</span> -<span class="hljs-keyword">b</span> Mac-<span class="hljs-number">00</span>BE6ED71E35EB86 -<span class="hljs-keyword">m</span> <span class="hljs-number">00000000000000000</span> download<br><br><span class="hljs-number">11</span>：<br><span class="hljs-keyword">python</span> macrecovery.<span class="hljs-keyword">py</span> -<span class="hljs-keyword">b</span> Mac-E43C1C25D4880AD6 -<span class="hljs-keyword">m</span> <span class="hljs-number">00000000000000000</span> download<br><br>（如果是 macOS 或 Linux 则需要在 macrecovery.<span class="hljs-keyword">py</span> 前加上 .\）<br>更多下载可参考 GitHub：http<span class="hljs-variable">s:</span>//github.<span class="hljs-keyword">com</span>/acidanthera/OpenCorePkg/blob/master/Utilities/macrecovery/recovery_urls.txt<br></code></pre></div></td></tr></table></figure><h1 id="创建虚拟硬盘"><a href="#创建虚拟硬盘" class="headerlink" title="创建虚拟硬盘"></a>创建虚拟硬盘</h1><p>同时按下 Windows 徽标键 和 R 键打开运行，然后输入 diskmgmt.msc 并回车<br>在打开的窗口中选择 操作–创建 VHD<br><img src="/images/vmdmg/vhd/1.png"><br>位置随意，如果是完整的镜像推荐 15GB，macRecovery 镜像 4GB 即可<br>以下设置保持不动<br><img src="/images/vmdmg/vhd/2.png"><br>找到新建的虚拟磁盘，在左边栏右键，选择初始化磁盘(I)<br><img src="/images/vmdmg/vhd/3.png"><br>选择 GPT 模式<br><img src="/images/vmdmg/vhd/4.png"></p><h1 id="创建引导分区"><a href="#创建引导分区" class="headerlink" title="创建引导分区"></a>创建引导分区</h1><p>打开 Etcher，如果有更新弹窗选择 Skip，不要更新<br><img src="/images/vmdmg/disk/1.png"><br>点击 Select image 并选择下载好的 dmg 镜像<br>一般来说会默认选择好目标磁盘，如果有插入 USB 请选择 Change<br>最后点击 Flash 即可<br><img src="/images/vmdmg/disk/2.png"><br>如果出现 UAC 弹窗点击确定即可<br>等待一下，写入过程还是很快的<br><img src="/images/vmdmg/disk/3.png"><br>这样就是写入成功了<br><img src="/images/vmdmg/disk/4.png"><br>然后回到磁盘管理<br>找到 VHD，在左边栏右键，选择分离 VHD<br><img src="/images/vmdmg/disk/5.png"><br>—-例外情况—-<br>遇到如上情况则代表你的镜像不可引导，需要更换一个<br><img src="/images/vmdmg/disk/6.png"></p><h1 id="在虚拟机中使用"><a href="#在虚拟机中使用" class="headerlink" title="在虚拟机中使用"></a>在虚拟机中使用</h1><p>先创建好一个 macOS 的虚拟机，然后编辑虚拟机设置<br>点击下面的添加(A)…并选择硬盘，然后点击下一步(N)&gt;<br><img src="/images/vmdmg/vm/1.png"><br>磁盘类型选择 SATA 即可，然后选择使用现有虚拟磁盘(E)<br><img src="/images/vmdmg/vm/2.png"><br>在浏览磁盘时，点击右下角的菜单栏选项，然后点击所有文件 (<em>.</em>)并选择刚刚写入好的 VHD<br><img src="/images/vmdmg/vm/3.png"><br>在这里选择保持现有格式即可<br><img src="/images/vmdmg/vm/4.png"><br>完成后点击编辑虚拟机设置，将网络适配器改为桥接（可能需要在虚拟网络编辑器里更改桥接对象）<br><img src="/images/vmmacOS/vmx/4.png"><br>然后启动虚拟机并等待一下就能进入到系统安装界面了<br><img src="/images/vmdmg/vm/5.png"><br>然后按照正常的方式安装 macOS 即可</p><h1 id="关于-VirtualBox-能不能用"><a href="#关于-VirtualBox-能不能用" class="headerlink" title="关于 VirtualBox 能不能用"></a>关于 VirtualBox 能不能用</h1><p>这是 VMware Workstation 的<br><img src="/images/vmdmg/vm/6.png"><br>这是 VirtualBox 的，同 cdr 一样会无限重启<br><img src="/images/vmdmg/vm/7.gif"></p>]]></content>
    
    
    <categories>
      
      <category>VMware</category>
      
      <category>Workstation</category>
      
    </categories>
    
    
  </entry>
  
  
  
  <entry>
    <title>ANTI Store 的 MCPE 远古服务器 Rita3</title>
    <link href="/rita3/"/>
    <url>/rita3/</url>
    
    <content type="html"><![CDATA[<link rel="stylesheet" class="aplayer-secondary-style-marker" href="\assets\css\APlayer.min.css"><script src="\assets\js\APlayer.min.js" class="aplayer-secondary-script-marker"></script><p>#<script>console.error("Error: [hexo-tag-aplayer] Specified asset file not found (歌曲封面直链)");</script></p><!-- =^∇^*= --><h1 id="简介"><a href="#简介" class="headerlink" title="简介"></a>简介</h1><p>当你因为某种原因用上了老手机，玩上了老版本的 Minecraft，或是因为想怀旧一下用用老版本的 Minecraft，但是只有你自己一个人怎么办呢？</p><p>为了解决这个方法，我们早在2020年的9月为大家开了0.8.1和0.12的服务器，但是基本没什么水花，直到现在，互联网上掀起了0.13服务器潮流，所以我们又回来了！</p><ul><li>本服务器使用的VPS配置为 i9-9900K 16GB 运行内存 100M 江苏电信公网</li></ul><p>目前为止 Rita3 共有三种服务器供你游玩！</p><p>1.Rita3 0.13~0.13.1 纯净生存服</p><figure class="highlight apache"><table><tr><td class="gutter hljs"><div class="hljs code-wrapper"><pre><span class="line">1</span><br></pre></div></td><td class="code"><div class="hljs code-wrapper"><pre><code class="hljs apache"><span class="hljs-attribute">ip</span>：mconce.cn 端口：<span class="hljs-number">10199</span><br></code></pre></div></td></tr></table></figure><p>2.Rita3 0.13~0.13.1 创造服</p><figure class="highlight apache"><table><tr><td class="gutter hljs"><div class="hljs code-wrapper"><pre><span class="line">1</span><br></pre></div></td><td class="code"><div class="hljs code-wrapper"><pre><code class="hljs apache"><span class="hljs-attribute">ip</span>：mconce.cn 端口：<span class="hljs-number">10198</span><br></code></pre></div></td></tr></table></figure><p>3.Rita3 0.8.1 有限世界创造服（给带不动无限世界的设备如 iPod Touch 之类的设备游玩）</p><figure class="highlight apache"><table><tr><td class="gutter hljs"><div class="hljs code-wrapper"><pre><span class="line">1</span><br></pre></div></td><td class="code"><div class="hljs code-wrapper"><pre><code class="hljs apache"><span class="hljs-attribute">ip</span>：mconce.cn 端口：<span class="hljs-number">10196</span><br></code></pre></div></td></tr></table></figure><p>你也可以加入我们的 QQ 群：321438780<br>我们的服务器24h 在线！但请不要使用 Steve 为用户名登陆！</p>]]></content>
    
    
    <categories>
      
      <category>软件</category>
      
      <category>Minecraft</category>
      
    </categories>
    
    
  </entry>
  
  
  
  <entry>
    <title>在 VMware Workstation 安装 MS-DOS</title>
    <link href="/i-msdos/"/>
    <url>/i-msdos/</url>
    
    <content type="html"><![CDATA[<link rel="stylesheet" class="aplayer-secondary-style-marker" href="\assets\css\APlayer.min.css"><script src="\assets\js\APlayer.min.js" class="aplayer-secondary-script-marker"></script><p>#<script>console.error("Error: [hexo-tag-aplayer] Specified asset file not found (歌曲封面直链)");</script></p><!-- =^∇^*= --><h1 id="用前说明"><a href="#用前说明" class="headerlink" title="用前说明"></a>用前说明</h1><h2 id="实验环境-amp-需要的工具"><a href="#实验环境-amp-需要的工具" class="headerlink" title="实验环境&amp;需要的工具"></a>实验环境&amp;需要的工具</h2><p>1.任意版本 VMware Workstation<br>2.<a href="">MS-DOS 6.2.2镜像</a><br>3.虚拟机配置文件</p><h1 id="准备工作"><a href="#准备工作" class="headerlink" title="准备工作"></a>准备工作</h1><p>在创建好虚拟机配置文件后在设置里添加一个软盘<br>并插入 Disk1.img<br><img src="/images/msdos%E5%AE%89%E8%A3%85/prepare/1.png"></p><h2 id="安装-MS-DOS-6-2-2"><a href="#安装-MS-DOS-6-2-2" class="headerlink" title="安装 MS-DOS 6.2.2"></a>安装 MS-DOS 6.2.2</h2><p>在以下界面按下回车<br><img src="/images/msdos%E5%AE%89%E8%A3%85/installing/1.png"><br><img src="/images/msdos%E5%AE%89%E8%A3%85/installing/2.png"></p><p>在这个界面按回车后会自动重启<br><img src="/images/msdos%E5%AE%89%E8%A3%85/installing/3.png"></p><p>在以下界面也照样无脑回车<br><img src="/images/msdos%E5%AE%89%E8%A3%85/installing/4.png"><br><img src="/images/msdos%E5%AE%89%E8%A3%85/installing/5.png"></p><p>出现这个页面后切换软盘镜像到 Disk2.img 并按下回车<br><img src="/images/msdos%E5%AE%89%E8%A3%85/installing/6.png"><br>以下界面则换到 Disk3.img 并按下回车<br><img src="/images/msdos%E5%AE%89%E8%A3%85/installing/7.png"></p><p>这个界面时将软盘与虚拟机断开连接<br><img src="/images/msdos%E5%AE%89%E8%A3%85/installing/8.png"><br><img src="/images/msdos%E5%AE%89%E8%A3%85/installing/8-1.png"><br>然后在这个界面按下回车,虚拟机就会重启了<br><img src="/images/msdos%E5%AE%89%E8%A3%85/installing/9.png"></p><p>等到出现这个页面时就表明 MS-DOS 6.2.2 安装成功了<br><img src="/images/msdos%E5%AE%89%E8%A3%85/installing/10.png"></p><h1 id="注意事项"><a href="#注意事项" class="headerlink" title="注意事项"></a>注意事项</h1><p>每次开机时都不要连接软盘和镜像</p>]]></content>
    
    
    <categories>
      
      <category>VMware</category>
      
      <category>Workstation</category>
      
    </categories>
    
    
  </entry>
  
  
  
  <entry>
    <title>给 iPhone 4s 和 iPad 2 安装 iOS6.1.3</title>
    <link href="/A5iniOS6/"/>
    <url>/A5iniOS6/</url>
    
    <content type="html"><![CDATA[<link rel="stylesheet" class="aplayer-secondary-style-marker" href="\assets\css\APlayer.min.css"><script src="\assets\js\APlayer.min.js" class="aplayer-secondary-script-marker"></script><!--<script>console.error("Error: [hexo-tag-aplayer] Specified asset file not found (歌曲封面直链)");</script>--><!-- =^∇^*= --><h1 id="用前说明"><a href="#用前说明" class="headerlink" title="用前说明"></a>用前说明</h1><p>教程源自<a href="https://www.i4.cn/news_detail_16907.html">爱思助手</a>，只是将过程详细化<br>接下来的教程会在虚拟机中进行，如果你也一样，请在虚拟机设置中更改 USB 设置<br>否则请在物理机中运行，且需要将设备越狱<br><img src="/images/A5iniOS6/1.png"><br><img src="/images/A5iniOS6/2.png"></p><h2 id="实验环境"><a href="#实验环境" class="headerlink" title="实验环境"></a>实验环境</h2><p>设备：iPhone 4s<br>OS：iOS9.3.5<br>Cydia<br>自制固件:<br>iPad 2 有多种固件，请选择合适自己的版本<br><a href="http://d.updater.i4.cn/i4tools7/temp/ota_downgrade/ota_iPad2,1.ipsw">iPad2,1</a> | <a href="http://d.updater.i4.cn/i4tools7/temp/ota_downgrade/ota_iPad2,2.ipsw">iPad2,2</a> | <a href="http://d.updater.i4.cn/i4tools7/temp/ota_downgrade/ota_iPad2,3.ipsw">iPad2,3</a> | <a href="http://d.updater.i4.cn/i4tools7/temp/ota_downgrade/ota_iPad2,4_6.1.3.ipsw">iPad2,4</a><br><a href="http://d.updater.i4.cn/i4tools7/temp/ota_downgrade/ota_iPhone4,1.ipsw">iPhone 4s</a></p><hr><p>分辨自己是哪个类型的设备<br><img src="/images/A5iniOS6/3.png"></p><hr><p><a href="">爱思助手 v7.95</a>，新版本会报错无法刷机</p><p>在 Cydia 中添加以下源</p><figure class="highlight dos"><table><tr><td class="gutter hljs"><div class="hljs code-wrapper"><pre><span class="line">1</span><br></pre></div></td><td class="code"><div class="hljs code-wrapper"><pre><code class="hljs dos">repo.tihmstar.<span class="hljs-built_in">net</span><br></code></pre></div></td></tr></table></figure><p><img src="https://d-image.i4.cn/i4web/image/upload/20210311/1615449272137044234.png"><br>然后搜索 kDFUApp 并进行安装<br><img src="https://d-image.i4.cn/i4web/image/upload/20211116/1637029443590022685.jpg"></p>]]></content>
    
    
    <categories>
      
      <category>移动端</category>
      
      <category>手机</category>
      
    </categories>
    
    
  </entry>
  
  
  
  <entry>
    <title>在老 iOS 设备中安装双系统</title>
    <link href="/iosdualOS/"/>
    <url>/iosdualOS/</url>
    
    <content type="html"><![CDATA[<link rel="stylesheet" class="aplayer-secondary-style-marker" href="\assets\css\APlayer.min.css"><script src="\assets\js\APlayer.min.js" class="aplayer-secondary-script-marker"></script><!--<script>console.error("Error: [hexo-tag-aplayer] Specified asset file not found (歌曲封面直链)");</script>--><!-- =^∇^*= --><h1 id="用前说明"><a href="#用前说明" class="headerlink" title="用前说明"></a>用前说明</h1><p>本教程分为 iOS6 和 iOS7+ 两个部分，请选择合适自己的部分观看<br><font size=4>TIPS:<br>该方法仅支持 32 位的 iOS 设备<br>iPhone5s,iPad5,iPad mini3,iPad Air,iPad Pro 及以上的设备均为 64 位设备</font>，且都需要越狱</p><h2 id="实验环境"><a href="#实验环境" class="headerlink" title="实验环境"></a>实验环境</h2><p>设备:iPhone 5<br>OS:iOS6.1.3,iOS9.3.5<br>Cydia</p><hr><h3 id="iOS6"><a href="#iOS6" class="headerlink" title="iOS6"></a>iOS6</h3><p>需要在 Cydia 中添加以下越狱源</p><figure class="highlight vim"><table><tr><td class="gutter hljs"><div class="hljs code-wrapper"><pre><span class="line">1</span><br></pre></div></td><td class="code"><div class="hljs code-wrapper"><pre><code class="hljs vim">coolbooter.<span class="hljs-keyword">com</span><br></code></pre></div></td></tr></table></figure><p>然后安装如下插件<br>1.CoolBooterCLI<br>2.MobileTerminal（自带的 BigBoss 源中有，请不要使用别的 Terminal）<br>3.CoolBooter Untetherer（可选，结尾会提到用处）</p><hr><h3 id="iOS7"><a href="#iOS7" class="headerlink" title="iOS7+"></a>iOS7+</h3><p>需要在 Cydia 中添加以下越狱源</p><figure class="highlight vim"><table><tr><td class="gutter hljs"><div class="hljs code-wrapper"><pre><span class="line">1</span><br></pre></div></td><td class="code"><div class="hljs code-wrapper"><pre><code class="hljs vim">coolbooter.<span class="hljs-keyword">com</span><br></code></pre></div></td></tr></table></figure><p>然后安装如下插件<br>1.CoolBooter<br>2.CoolBooter Untetherer（可选，结尾会提到用处）</p><h1 id="iOS6-装双系统"><a href="#iOS6-装双系统" class="headerlink" title="iOS6 装双系统"></a>iOS6 装双系统</h1><p>这部分有两种方法，但内容大同小异，第一种为在线安装，第二种为离线安装<br>如果是方法二，请安装以下内容<br>Apple File Conduit “2”（iOS 插件）<br><a href="https://www.i4.cn/">爱思助手</a> （电脑）<br><a href="https://ipsw.me/">iOS 固件</a> （在电脑上下载好）</p><h2 id="下载双系统"><a href="#下载双系统" class="headerlink" title="下载双系统"></a>下载双系统</h2><p>打开手机上的 MobileTerminal<br>输入 su<br>输入密码（默认为 alpine，但输入过程不会显示任何字符）</p><p>—-这里是方法二，方法一的玩家可以跳过—-<br>iPhone 连接电脑，在”文件管理”中找到以下路径（如果没有可以手动创建）</p><figure class="highlight awk"><table><tr><td class="gutter hljs"><div class="hljs code-wrapper"><pre><span class="line">1</span><br></pre></div></td><td class="code"><div class="hljs code-wrapper"><pre><code class="hljs awk"><span class="hljs-regexp">/var/</span>cbooter<br></code></pre></div></td></tr></table></figure><p>然后把你的固件导入到上面的路径即可<br><img src="/images/iOS%E5%8F%8COS/cli/pack/1.png"><br>—-分界线捏—-</p><p>在 MobileTerminal 中输入以下命令</p><figure class="highlight ada"><table><tr><td class="gutter hljs"><div class="hljs code-wrapper"><pre><span class="line">1</span><br><span class="line">2</span><br><span class="line">3</span><br></pre></div></td><td class="code"><div class="hljs code-wrapper"><pre><code class="hljs ada">coolbootercli &lt;版本号&gt; <span class="hljs-comment">--datasize &lt;要分配的磁盘大小&gt; GB</span><br>如<br>coolbootercli <span class="hljs-number">9.0</span>.<span class="hljs-number">2</span> <span class="hljs-comment">--datasize 12GB</span><br></code></pre></div></td></tr></table></figure><p><font size=5>TIPS:但如果你是在 iPhone4s 下载 iOS9.3 的话则会是下载 iOS9.3 (13E237) 的版本</font></p><p>如果是方法一就开始下载固件，下载完成后会和方法二一样开始校验、解压固件然后安装系统<br><img src="/images/iOS%E5%8F%8COS/cli/pack/2.png"></p><p>如果是方法二则开始校验然后解压固件，然后安装系统<br><img src="/images/iOS%E5%8F%8COS/cli/pack/3.png"></p><p>出现容量已满，点击确定即可<br><img src="/images/iOS%E5%8F%8COS/cli/pack/4.png"><br>然后手机等一会会自动重启</p><h2 id="安装双系统（以下过程建议看完再实践）"><a href="#安装双系统（以下过程建议看完再实践）" class="headerlink" title="安装双系统（以下过程建议看完再实践）"></a>安装双系统（以下过程建议看完再实践）</h2><p>打开手机上的 MobileTerminal<br>输入 su<br>输入密码（默认为 alpine，但输入过程不会显示任何字符）<br>输入以下命令</p><figure class="highlight css"><table><tr><td class="gutter hljs"><div class="hljs code-wrapper"><pre><span class="line">1</span><br></pre></div></td><td class="code"><div class="hljs code-wrapper"><pre><code class="hljs css">coolbootercli -<span class="hljs-selector-tag">b</span><br></code></pre></div></td></tr></table></figure><p>出现这个页面后立马锁屏<font size=5>（如果你没有及时锁屏，系统则会黑屏，这时候只需要长按电源键和 Home 键几秒后松开 Home 键即可）</font><br><img src="/images/iOS%E5%8F%8COS/cli/install/1.png"><br>待手机自动重启后就会开始跑代码<br><img src="/images/iOS%E5%8F%8COS/cli/install/2.jpg"><br>手机重启后再重复以上步骤</p><p>等到手机再跑代码，然后就会进入系统安装界面<br><img src="/images/iOS%E5%8F%8COS/cli/install/3.png"><br>等待一会就能见到熟悉的部署界面了<br><img src="/images/iOS%E5%8F%8COS/cli/install/4.png"><br>然后根据自己的需求去部署系统这里不用过多解释<br>安装完成后即可正常使用，且一般会自动越狱<br>如果你需要安装越狱软件，需要以下教程</p><a href="/afc&appsync/" title="AFC&amp;AppSync 安装方法">AFC&amp;AppSync 安装方法</a><h2 id="重启后再次进入双系统"><a href="#重启后再次进入双系统" class="headerlink" title="重启后再次进入双系统"></a>重启后再次进入双系统</h2><p>每次重启或关机后再开机（不包括注销&#x2F;重启 SpringBoard）后会回到主系统<br>你需要再次重复某些步骤<br>打开手机上的 MobileTerminal<br>输入 su<br>输入密码（默认为 alpine，但输入过程不会显示任何字符）<br>然后输入如下命令</p><figure class="highlight css"><table><tr><td class="gutter hljs"><div class="hljs code-wrapper"><pre><span class="line">1</span><br></pre></div></td><td class="code"><div class="hljs code-wrapper"><pre><code class="hljs css">coolbootercli -<span class="hljs-selector-tag">b</span><br></code></pre></div></td></tr></table></figure><p>出现如下界面后迅速锁屏，然后等待自动进入辅系统<br><img src="/images/iOS%E5%8F%8COS/cli/install/1.png"></p><h2 id="卸载双系统"><a href="#卸载双系统" class="headerlink" title="卸载双系统"></a>卸载双系统</h2><p>如果你不想用双系统了可以将其卸载<br>打开手机上的 MobileTerminal<br>输入 su<br>输入密码（默认为 alpine，但输入过程不会显示任何字符）<br>然后输入如下命令</p><figure class="highlight ebnf"><table><tr><td class="gutter hljs"><div class="hljs code-wrapper"><pre><span class="line">1</span><br></pre></div></td><td class="code"><div class="hljs code-wrapper"><pre><code class="hljs ebnf"><span class="hljs-attribute">coolbootercli -u</span><br></code></pre></div></td></tr></table></figure><p>几秒钟过后双系统即可成功卸载</p><h1 id="iOS7-装双系统"><a href="#iOS7-装双系统" class="headerlink" title="iOS7+ 装双系统"></a>iOS7+ 装双系统</h1>]]></content>
    
    
    <categories>
      
      <category>移动端</category>
      
      <category>手机</category>
      
      <category>越狱</category>
      
    </categories>
    
    
  </entry>
  
  
  
  <entry>
    <title>给 IPA 砸壳</title>
    <link href="/ipaunpack/"/>
    <url>/ipaunpack/</url>
    
    <content type="html"><![CDATA[<link rel="stylesheet" class="aplayer-secondary-style-marker" href="\assets\css\APlayer.min.css"><script src="\assets\js\APlayer.min.js" class="aplayer-secondary-script-marker"></script>        <div id="aplayer-flrZzNNc" class="aplayer aplayer-tag-marker" style="margin-bottom: 20px;">            <div class="hljs code-wrapper"><pre class="aplayer-lrc-content"></pre></div>        </div>        <script>          var ap = new APlayer({            element: document.getElementById("aplayer-flrZzNNc"),            narrow: false,            autoplay: true,            showlrc: false,            music: {              title: "晴天",              author: "周杰伦",              url: "https://media.antipa.cn/anti/awblog/qt-jay.mp3",              pic: "https://y.qq.com/music/photo_new/T002R300x300M000000MkMni19ClKG_3.jpg",              lrc: ""            }          });          window.aplayers || (window.aplayers = []);          window.aplayers.push(ap);        </script><!-- =^∇^*= --><h1 id="用前说明"><a href="#用前说明" class="headerlink" title="用前说明"></a>用前说明</h1><h2 id="实验环境-amp-需要的工具"><a href="#实验环境-amp-需要的工具" class="headerlink" title="实验环境&amp;需要的工具"></a>实验环境&amp;需要的工具</h2><p>设备:iPhone 4s<br>OS:iOS6.1.3<br>Cydia<br>1.OpenSSH<br>2.iFile<br>3.<a href="https://www.i4.cn/">爱思助手</a><br>4.<a href="https://github.com/KJCracks/Clutch/releases/tag/2.0.4">Clutch</a><br>如果 Github 访问太慢可选择 <a href="https://gitcode.net/mirrors/KJCracks/Clutch/-/releases/2.0.4?spm=1033.2243.3001.5876">CSDN提供的加速计划</a><br>(5.如果你是手机操作则需要再下载 MobileTerminal,千万不要用别的终端)</p><h1 id="准备工作"><a href="#准备工作" class="headerlink" title="准备工作"></a>准备工作</h1><p>下载好序言所提到的四(五)个工具</p><h2 id="安装-Clutch"><a href="#安装-Clutch" class="headerlink" title="安装 Clutch"></a>安装 Clutch</h2><p>在电脑下载好 Clutch2.0.4 后将其命名为 clutch (没有扩展名和版本号且区分大小写)<br>随后用爱思助手将其放入以下目录</p><figure class="highlight awk"><table><tr><td class="gutter hljs"><div class="hljs code-wrapper"><pre><span class="line">1</span><br></pre></div></td><td class="code"><div class="hljs code-wrapper"><pre><code class="hljs awk"><span class="hljs-regexp">/usr/</span>bin<br></code></pre></div></td></tr></table></figure><p><img src="/images/ipa%E8%84%B1%E5%8C%85/clutch/1.png"></p><p>然后在 iFile 找到相同的目录下的 clutch<br>并在属性的用户、组、全局中都赋予读、写、执行权限<br><img src="/images/ipa%E8%84%B1%E5%8C%85/clutch/2.png"><br><img src="/images/ipa%E8%84%B1%E5%8C%85/clutch/3.png"><br>做完后点击完成</p><h2 id="开启-SSH-通道"><a href="#开启-SSH-通道" class="headerlink" title="开启 SSH 通道"></a>开启 SSH 通道</h2><p><img src="/images/ipa%E8%84%B1%E5%8C%85/ssh/1.png"></p><h2 id="开始脱包"><a href="#开始脱包" class="headerlink" title="开始脱包"></a>开始脱包</h2><p>——这里给手机看的——<br>在手机上打开 Terminal<br>输入 su<br>然后输入密码(默认为 alpine 输入密码时不显示任何字符)<br><img src="/images/ipa%E8%84%B1%E5%8C%85/unpack/0.png"><br>——这里是给电脑看的——<br>开启 SSH 通道后点击下载 SSH 客户端<br><img src="/images/ipa%E8%84%B1%E5%8C%85/unpack/1.png"><br>——分界线(以下内容手机电脑都一样操作)——</p><p>在 SSH 客户端中输入如图所示的命令</p><figure class="highlight awk"><table><tr><td class="gutter hljs"><div class="hljs code-wrapper"><pre><span class="line">1</span><br><span class="line">2</span><br></pre></div></td><td class="code"><div class="hljs code-wrapper"><pre><code class="hljs awk">cd <span class="hljs-regexp">/usr/</span>bin<br>chmod +x clutch<br></code></pre></div></td></tr></table></figure><p><img src="/images/ipa%E8%84%B1%E5%8C%85/unpack/2.png" alt="命令"><br>然后输入</p><figure class="highlight css"><table><tr><td class="gutter hljs"><div class="hljs code-wrapper"><pre><span class="line">1</span><br></pre></div></td><td class="code"><div class="hljs code-wrapper"><pre><code class="hljs css">clutch -<span class="hljs-selector-tag">i</span><br></code></pre></div></td></tr></table></figure><p>即可列出所有已经安装的软件(如果在手机的 Terminal 运行需要在屏幕右边才能滑动)<br><img src="/images/ipa%E8%84%B1%E5%8C%85/unpack/3.png" alt="软件列表"></p><p>找到你要脱包的软件前面的序号<br>在客户端输入命令</p><figure class="highlight elixir"><table><tr><td class="gutter hljs"><div class="hljs code-wrapper"><pre><span class="line">1</span><br><span class="line">2</span><br></pre></div></td><td class="code"><div class="hljs code-wrapper"><pre><code class="hljs elixir">用法<span class="hljs-symbol">:clutch</span> -d &lt;软件序号&gt;<br>如<span class="hljs-symbol">:clutch</span> -d <span class="hljs-number">37</span><br></code></pre></div></td></tr></table></figure><p><img src="/images/ipa%E8%84%B1%E5%8C%85/unpack/4.png" alt="正在脱包"><br>稍等一下,软件越大,所需的时间就越长</p><p>完成后就是这样的<br><img src="/images/ipa%E8%84%B1%E5%8C%85/unpack/5.png"><br>脱包完成的ipa则会放在</p><figure class="highlight awk"><table><tr><td class="gutter hljs"><div class="hljs code-wrapper"><pre><span class="line">1</span><br></pre></div></td><td class="code"><div class="hljs code-wrapper"><pre><code class="hljs awk"><span class="hljs-regexp">/var/m</span>obile<span class="hljs-regexp">/Documents/</span>Dumped<br></code></pre></div></td></tr></table></figure><p><img src="/images/ipa%E8%84%B1%E5%8C%85/unpack/6.png" alt="存放目录"><br>用爱思提取出来后安装即可</p><h1 id="重新砸壳"><a href="#重新砸壳" class="headerlink" title="重新砸壳"></a>重新砸壳</h1><p>如果你需要重新砸壳<br>在电脑上只需要</p><figure class="highlight bnf"><table><tr><td class="gutter hljs"><div class="hljs code-wrapper"><pre><span class="line">1</span><br><span class="line">2</span><br></pre></div></td><td class="code"><div class="hljs code-wrapper"><pre><code class="hljs bnf">clutch -i<br>clutch -d <span class="hljs-attribute">&lt;软件序号&gt;</span><br></code></pre></div></td></tr></table></figure><p>在手机上需要打开 MobileTerminal<br>输入 su<br>输入密码（默认为 alpine，但输入过程不会显示任何字符）<br>然后输入</p><figure class="highlight bnf"><table><tr><td class="gutter hljs"><div class="hljs code-wrapper"><pre><span class="line">1</span><br><span class="line">2</span><br></pre></div></td><td class="code"><div class="hljs code-wrapper"><pre><code class="hljs bnf">clutch -i<br>clutch -d <span class="hljs-attribute">&lt;软件序号&gt;</span><br></code></pre></div></td></tr></table></figure>]]></content>
    
    
    <categories>
      
      <category>移动端</category>
      
      <category>手机</category>
      
      <category>越狱</category>
      
    </categories>
    
    
  </entry>
  
  
  
  <entry>
    <title>如何在 iOS6 使用 QQ 和微信</title>
    <link href="/ios6useqqvx/"/>
    <url>/ios6useqqvx/</url>
    
    <content type="html"><![CDATA[<link rel="stylesheet" class="aplayer-secondary-style-marker" href="\assets\css\APlayer.min.css"><script src="\assets\js\APlayer.min.js" class="aplayer-secondary-script-marker"></script>        <div id="aplayer-RyhgyhDt" class="aplayer aplayer-tag-marker" style="margin-bottom: 20px;">            <div class="hljs code-wrapper"><pre class="aplayer-lrc-content"></pre></div>        </div>        <script>          var ap = new APlayer({            element: document.getElementById("aplayer-RyhgyhDt"),            narrow: false,            autoplay: true,            showlrc: false,            music: {              title: "花海",              author: "周杰伦",              url: "https://ipas.antipa.top/anti/awblog/huahai.mp3",              pic: "https://y.qq.com/music/photo_new/T002R300x300M000002Neh8l0uciQZ_1.jpg",              lrc: ""            }          });          window.aplayers || (window.aplayers = []);          window.aplayers.push(ap);        </script><!-- =^∇^*= --><h1 id="用前说明"><a href="#用前说明" class="headerlink" title="用前说明"></a>用前说明</h1><h2 id="实验环境"><a href="#实验环境" class="headerlink" title="实验环境"></a>实验环境</h2><p>设备:iPhone 4s<br>OS:iOS6.1.3|iOS9.3.6<br>QQ:5.6(4.7.2)|8.0.0<br>微信:6.2.0|7.0.2<br>其他环境也可</p><h2 id="越狱"><a href="#越狱" class="headerlink" title="越狱"></a>越狱</h2><p>需要先对 iOS6.1.3 和 iOS9.3.6 进行越狱<br>并在 Cydia 中添加 Apple File Conduit”2” 和 AppSync 插件(文章尾部有教程)</p><h2 id="如果你需要看某个步骤-在右方的”目录”中选择即可-移动设备可能没有"><a href="#如果你需要看某个步骤-在右方的”目录”中选择即可-移动设备可能没有" class="headerlink" title="如果你需要看某个步骤,在右方的”目录”中选择即可(移动设备可能没有)"></a>如果你需要看某个步骤,在右方的”目录”中选择即可(移动设备可能没有)</h2><p>本文建议使用电脑观看操作</p><h1 id="登录-QQ"><a href="#登录-QQ" class="headerlink" title="登录 QQ"></a>登录 QQ</h1><h2 id="在-iOS9-3-6中查找所需文件-夹"><a href="#在-iOS9-3-6中查找所需文件-夹" class="headerlink" title="在 iOS9.3.6中查找所需文件(夹)"></a>在 iOS9.3.6中查找所需文件(夹)</h2><p>先将设备登录 QQ,确保设备为越狱状态并将其连接到电脑</p><h3 id="提取-QQAccountsManager-文件"><a href="#提取-QQAccountsManager-文件" class="headerlink" title="提取 QQAccountsManager 文件"></a>提取 <font color=green>QQAccountsManager</font> <font color=orange size=5>文件</font></h3><p>在<a href="https://www.i4.cn/">爱思助手</a>的文件管理”中找到以下路径</p><figure class="highlight awk"><table><tr><td class="gutter hljs"><div class="hljs code-wrapper"><pre><span class="line">1</span><br></pre></div></td><td class="code"><div class="hljs code-wrapper"><pre><code class="hljs awk"><span class="hljs-regexp">/var/m</span>obile<span class="hljs-regexp">/Containers/</span>Data<span class="hljs-regexp">/Application/</span>QQ的字符串名<span class="hljs-regexp">/Documents/</span>contents<br></code></pre></div></td></tr></table></figure><p>其中一长串字符因人而异,需要自己摸索<br>有的人的路径可能是</p><figure class="highlight awk"><table><tr><td class="gutter hljs"><div class="hljs code-wrapper"><pre><span class="line">1</span><br><span class="line">2</span><br><span class="line">3</span><br></pre></div></td><td class="code"><div class="hljs code-wrapper"><pre><code class="hljs awk"><span class="hljs-regexp">/var/m</span>obile<span class="hljs-regexp">/Applications/</span>QQ<span class="hljs-regexp">/Documents/</span>contents   （一般是 iOS6- 的路径）<br>或<br><span class="hljs-regexp">/var/m</span>obile<span class="hljs-regexp">/Containers/</span>Data<span class="hljs-regexp">/Application/</span>QQ<span class="hljs-regexp">/Documents/</span>contents   （一般是 iOS7+ 的路径）<br></code></pre></div></td></tr></table></figure><p>找到路径后将其中的”QQAccountsManager”文件复制出来<br><img src="/images/iOS6%E7%99%BBQQVX/QQ/1.png" alt="文件"></p><h3 id="提取-WtloginConf-文件夹"><a href="#提取-WtloginConf-文件夹" class="headerlink" title="提取 WtloginConf 文件夹"></a>提取 <font color=green>WtloginConf</font> <font color=orange size=5>文件夹</font></h3><p>需要先在设备上打开过一次 QQ<br>与上面相同,在”文件管理”中找到以下路径</p><figure class="highlight awk"><table><tr><td class="gutter hljs"><div class="hljs code-wrapper"><pre><span class="line">1</span><br></pre></div></td><td class="code"><div class="hljs code-wrapper"><pre><code class="hljs awk"><span class="hljs-regexp">/var/m</span>obile<span class="hljs-regexp">/Containers/</span>Data<span class="hljs-regexp">/Application/</span>QQ的字符串名/Library<br></code></pre></div></td></tr></table></figure><p>其中一长串字符因人而异,需要自己摸索<br>有的人的路径可能是</p><figure class="highlight awk"><table><tr><td class="gutter hljs"><div class="hljs code-wrapper"><pre><span class="line">1</span><br><span class="line">2</span><br><span class="line">3</span><br></pre></div></td><td class="code"><div class="hljs code-wrapper"><pre><code class="hljs awk"><span class="hljs-regexp">/var/m</span>obile<span class="hljs-regexp">/Applications/</span>QQ/Library   （一般是 iOS6- 的路径）<br>或<br><span class="hljs-regexp">/var/m</span>obile<span class="hljs-regexp">/Containers/</span>Data<span class="hljs-regexp">/Application/</span>QQ/Library   （一般是 iOS7+ 的路径）<br></code></pre></div></td></tr></table></figure><p>找到路径后将其中的”WtloginConf”文件夹复制出来<br><img src="/images/iOS6%E7%99%BBQQVX/QQ/2.png" alt="文件夹"></p><h2 id="在-iOS6-中替换文件-夹"><a href="#在-iOS6-中替换文件-夹" class="headerlink" title="在 iOS6 中替换文件(夹)"></a>在 iOS6 中替换文件(夹)</h2><p>你需要打开一次 QQ<br>与上面相同,你需要用”文件管理”找到 QQAccountsManager 文件和 WtloginConf 文件夹所在的位置<br>然后把这两个文件(夹)<font color=red>替换(不要删除)</font>到里面<br><img src="/images/iOS6%E7%99%BBQQVX/QQ/3.png" alt="替换文件(夹)"><br><font color=red>替换成功后在设备退出 QQ 后台,然后重新打开 QQ</font><br>打开 QQ 后点击倒三角,然后选择头像<br><img src="/images/iOS6%E7%99%BBQQVX/QQ/4.png" alt="登录"><br>等待加载一下,就可以正常使用了<br><img src="/images/iOS6%E7%99%BBQQVX/QQ/5.png" alt="加载成功"></p><h2 id="拓展：登陆-QQ4-7-2"><a href="#拓展：登陆-QQ4-7-2" class="headerlink" title="拓展：登陆 QQ4.7.2"></a>拓展：登陆 QQ4.7.2</h2><p>和上面一样，你需要先打开一次 QQ 然后提取并替换文件<br>打开 QQ 后点击倒三角,然后选择头像<br><img src="/images/iOS6%E7%99%BBQQVX/QQ/more/1.png" alt="登陆"><br>但这时会提示登陆失败，点击确定即可<br><img src="/images/iOS6%E7%99%BBQQVX/QQ/more/2.png" alt="提示"><br>然后重新输入你的密码，然后点击登陆<br><img src="/images/iOS6%E7%99%BBQQVX/QQ/more/3.png" alt="输密码"><br>登陆成功后需要等待一下进行资源加载，然后就能正常使用了<br><img src="/images/iOS6%E7%99%BBQQVX/QQ/more/4.png"></p><p>读到这里你会发现你只需要和上面 QQ5.6 一样的步骤就好，根本不用重新输密码，甚至自动登录<br>是的就是这样，我也是在重新提取文件后才发现的（）</p><div style='display: none'><h1 id="登录微信"><a href="#登录微信" class="headerlink" title="登录微信"></a>登录微信</h1></div><h1 id="题外话"><a href="#题外话" class="headerlink" title="题外话"></a>题外话</h1><h2 id="如何安装-Apple-File-Conduit”2”-和-AppSync-插件"><a href="#如何安装-Apple-File-Conduit”2”-和-AppSync-插件" class="headerlink" title="如何安装 Apple File Conduit”2” 和 AppSync 插件"></a>如何安装 Apple File Conduit”2” 和 AppSync 插件</h2><a href="/afc&appsync/" title="安装方法">安装方法</a><h2 id="找不到对应文件夹怎么办"><a href="#找不到对应文件夹怎么办" class="headerlink" title="找不到对应文件夹怎么办"></a>找不到对应文件夹怎么办</h2><p>爱思助手中的”资料管理”中有个搜索功能<br>直接在里面搜索关键词即可(速度可能稍慢)<br><img src="/images/iOS6%E7%99%BBQQVX/finddoc/1.png"></p>]]></content>
    
    
    <categories>
      
      <category>移动端</category>
      
      <category>手机</category>
      
      <category>越狱</category>
      
    </categories>
    
    
  </entry>
  
  
  
  <entry>
    <title>给 iOS 安装 Apple File Conduit &quot;2&quot; 和 AppSync 插件</title>
    <link href="/afc&amp;appsync/"/>
    <url>/afc&amp;appsync/</url>
    
    <content type="html"><![CDATA[<link rel="stylesheet" class="aplayer-secondary-style-marker" href="\assets\css\APlayer.min.css"><script src="\assets\js\APlayer.min.js" class="aplayer-secondary-script-marker"></script><!-- =^∇^*= --><h1 id="用前说明"><a href="#用前说明" class="headerlink" title="用前说明"></a>用前说明</h1><h2 id="实验环境"><a href="#实验环境" class="headerlink" title="实验环境"></a>实验环境</h2><p>设备:iPhone 4s<br>OS:iOS6.1.3<br>Cydia<br>其他环境也可<br>本文建议使用电脑观看操作</p><h2 id="第三方非作者源推荐"><a href="#第三方非作者源推荐" class="headerlink" title="第三方非作者源推荐"></a>第三方非作者源推荐</h2><figure class="highlight stylus"><table><tr><td class="gutter hljs"><div class="hljs code-wrapper"><pre><span class="line">1</span><br><span class="line">2</span><br><span class="line">3</span><br><span class="line">4</span><br><span class="line">5</span><br></pre></div></td><td class="code"><div class="hljs code-wrapper"><pre><code class="hljs stylus">雷锋源:apt<span class="hljs-selector-class">.abcydia</span><span class="hljs-selector-class">.com</span><br>贴吧源:apt<span class="hljs-selector-class">.cydiaba</span><span class="hljs-selector-class">.cn</span><br>AAA知网少年:apt<span class="hljs-selector-class">.dddjb</span><span class="hljs-selector-class">.cn</span><br>Ai-小苹果:repo<span class="hljs-selector-class">.cydiabc</span><span class="hljs-selector-class">.top</span><br>A 壹筒天下:yttxcs.com<br></code></pre></div></td></tr></table></figure><h1 id="安装-AppSync"><a href="#安装-AppSync" class="headerlink" title="安装 AppSync"></a>安装 AppSync</h1><h2 id="简介"><a href="#简介" class="headerlink" title="简介"></a>简介</h2><p>AppSync 又名 AppSync Unified,是给越狱的设备安装越狱软件用的插件</p><h2 id="如何安装"><a href="#如何安装" class="headerlink" title="如何安装"></a>如何安装</h2><p>在 Cydia 中添加软件源并在”搜索”中搜索 AppSync<br>下载名为”AppSync Unified”的插件即可<br><img src="/images/afc&appsync/AppSync/1.png"><br>安装完后<font color=red size=5>点击”重启SpringBoard”</font><br><img src="/images/afc&appsync/1.png"></p><h1 id="安装-Apple-File-Conduit-“2”"><a href="#安装-Apple-File-Conduit-“2”" class="headerlink" title="安装 Apple File Conduit “2”"></a>安装 Apple File Conduit “2”</h1><h2 id="简介-1"><a href="#简介-1" class="headerlink" title="简介"></a>简介</h2><p>Apple File Conduit “2” 又名 AFC2,是给越狱的设备浏览设备目录的插件</p><h2 id="如何安装-1"><a href="#如何安装-1" class="headerlink" title="如何安装"></a>如何安装</h2><p>在 Cydia 中直接在”搜索”中搜索 Apple File 即可跳出相对应的结果<br><img src="/images/afc&appsync/AFC/1.png"><br>安装完后<font color=red size=5>点击”重启SpringBoard”</font><br><img src="/images/afc&appsync/1.png"></p>]]></content>
    
    
    <categories>
      
      <category>移动端</category>
      
      <category>手机</category>
      
      <category>越狱</category>
      
    </categories>
    
    
  </entry>
  
  
  
  <entry>
    <title>注册美区的 Apple ID</title>
    <link href="/USAidcreate/"/>
    <url>/USAidcreate/</url>
    
    <content type="html"><![CDATA[<link rel="stylesheet" class="aplayer-secondary-style-marker" href="\assets\css\APlayer.min.css"><script src="\assets\js\APlayer.min.js" class="aplayer-secondary-script-marker"></script>        <div id="aplayer-LsPYaWCK" class="aplayer aplayer-tag-marker" style="margin-bottom: 20px;">            <div class="hljs code-wrapper"><pre class="aplayer-lrc-content"></pre></div>        </div>        <script>          var ap = new APlayer({            element: document.getElementById("aplayer-LsPYaWCK"),            narrow: false,            autoplay: true,            showlrc: false,            music: {              title: "七里香",              author: "周杰伦",              url: "https://media.antipa.cn/anti/awblog/qlx-jay.mp3",              pic: "https://y.qq.com/music/photo_new/T002R300x300M000003DFRzD192KKD_1.jpg",              lrc: ""            }          });          window.aplayers || (window.aplayers = []);          window.aplayers.push(ap);        </script><!-- =^∇^*= --><h1 id="简介"><a href="#简介" class="headerlink" title="简介"></a>简介</h1><p>只需要虚拟身份就可以免代理注册美区 Apple ID</p><h1 id="开始操作"><a href="#开始操作" class="headerlink" title="开始操作"></a>开始操作</h1><h2 id="1-创建-Apple-ID"><a href="#1-创建-Apple-ID" class="headerlink" title="(1)创建 Apple ID"></a>(1)创建 Apple ID</h2><p><a href="https://appleid.apple.com/zh-cn">创建 Apple ID 的页面</a><br>选择如下图的位置的选项(图示为英文)<br><img src="https://support.apple.com/library/content/dam/edam/applecare/images/en_US/appleid/web-browser-appleid-apple-com-create-your-apple-id-callout.png" alt="appleid.apple.com 的例图"><br>并填写相对应的信息(年龄需要&gt;13 建议18+ <font color=red>出生日期要保存好</font>)<br><font size=5 color=red>TIPS:国家需要选择美国 电话号码选择+86或自己想用的电话号码即可</font></p><h2 id="2-登录并验证账户"><a href="#2-登录并验证账户" class="headerlink" title="(2)登录并验证账户"></a>(2)登录并验证账户</h2><p>实验环境:iPhone 6s | iOS14.0<br>登录 Apple ID 后点击验证账户<br><img src="/images/%E7%BE%8E%E5%8C%BAid%E6%B3%A8%E5%86%8C/1.JPG"><br>点击下一步 并打开 “同意条款与条件” 再点击下一页<br><img src="/images/%E7%BE%8E%E5%8C%BAid%E6%B3%A8%E5%86%8C/2.PNG"><br>然后填入该<a href="https://www.fakeaddressgenerator.com/">网站</a>的虚拟信息<font size=5 color=red>(请不要用于其他非法用途)</font><br>(如果以上网页打不开可尝试这个 <a href="https://www.meiguodizhi.com/">https://www.meiguodizhi.com</a>)<br>TIPS:我的个人建议是在右边生成免税州的地址(如阿拉斯加)<br><img src="/images/%E7%BE%8E%E5%8C%BAid%E6%B3%A8%E5%86%8C/3.png" alt="点击 &quot;Generate&quot; 即可生成"><br>生成后将对应的信息填入</p><p>以下是我个人填写的虚拟信息</p><figure class="highlight bash"><table><tr><td class="gutter hljs"><div class="hljs code-wrapper"><pre><span class="line">1</span><br><span class="line">2</span><br><span class="line">3</span><br><span class="line">4</span><br><span class="line">5</span><br><span class="line">6</span><br><span class="line">7</span><br><span class="line">8</span><br><span class="line">9</span><br><span class="line">10</span><br><span class="line">11</span><br><span class="line">12</span><br><span class="line">13</span><br></pre></div></td><td class="code"><div class="hljs code-wrapper"><pre><code class="hljs bash">信用卡/借记卡:<br>号码:4539185730103786<br>有效期:07/2025<br>安全码:524<br>---------------<br>名:Michael<br>姓:Numbers<br>---------------<br>街道:4641 Kidd Avenue<br>城市:Minto<br>州:阿拉斯加州(英文为 Alaska)<br>邮政编码:99758<br>电话:907 7988126<br></code></pre></div></td></tr></table></figure><p>完成后再次登录 Apple ID 就可以成功使用了<br><img src="/images/%E7%BE%8E%E5%8C%BAid%E6%B3%A8%E5%86%8C/4.PNG"></p><h2 id="3-为-Apple-ID-充值"><a href="#3-为-Apple-ID-充值" class="headerlink" title="(3)为 Apple ID 充值"></a>(3)为 Apple ID 充值</h2><p>在<a href="https://www.taobao.com/">淘宝</a>、<a href="https://www.jd.com/">京东</a>等店铺购买美区的 Apple ID 充值卡</p><p>点击 “App Store” 右上角的头像 – “兑换礼品卡或代码<br>输入店家提供给你的卡密即可兑换</p>]]></content>
    
    
    <categories>
      
      <category>移动端</category>
      
      <category>手机</category>
      
    </categories>
    
    
  </entry>
  
  
  
  <entry>
    <title>如何使用科学上网</title>
    <link href="/ant/"/>
    <url>/ant/</url>
    
    <content type="html"><![CDATA[<link rel="stylesheet" class="aplayer-secondary-style-marker" href="\assets\css\APlayer.min.css"><script src="\assets\js\APlayer.min.js" class="aplayer-secondary-script-marker"></script>        <div id="aplayer-QCVepcJD" class="aplayer aplayer-tag-marker" style="margin-bottom: 20px;">            <div class="hljs code-wrapper"><pre class="aplayer-lrc-content"></pre></div>        </div>        <script>          var ap = new APlayer({            element: document.getElementById("aplayer-QCVepcJD"),            narrow: false,            autoplay: true,            showlrc: false,            music: {              title: "小情歌(伴奏)",              author: "苏打绿",              url: "https://media.antipa.cn/anti/awblog/xqg(bz)-sdl.mp3",              pic: "http://p1.music.126.net/Zoqaqnx9m6DLFqWf6DFr-w==/109951165021826171.jpg",              lrc: ""            }          });          window.aplayers || (window.aplayers = []);          window.aplayers.push(ap);        </script><!-- =^∇^*= --><h1 id="简介"><a href="#简介" class="headerlink" title="简介"></a>简介</h1><p>这些科学上网工具可通过清除数据的方式来刷新可用流量<br>实验环境:Windows 11<br>本帖<font size=5 color=red>不提供上网工具</font> 仅提供教程和破解工具</p><p>#开始操作</p><h2 id="在-Windows-下利用破解工具来刷流量"><a href="#在-Windows-下利用破解工具来刷流量" class="headerlink" title="在 Windows 下利用破解工具来刷流量"></a>在 Windows 下利用破解工具来刷流量</h2><p><a href="https://savef-my.sharepoint.com/:u:/g/personal/goo_aw233_savef_onmicrosoft_com/EWeIpMRRpQVLjXNSMVKPcC4BztI-aSAnQTj41_Em-U28Kg?e=hsRZOE" title="该工具来自 YouTuBe">你需要的文件</a><br>可以看到我的剩余流量为 0MB 了<br><img src="https://savef-my.sharepoint.com/personal/goo_aw233_savef_onmicrosoft_com/_layouts/15/download.aspx?UniqueId=48201fc8-fc74-45d4-99f9-4ce31b181d22"></p><p>接下来需要打开这个软件 (需要<font size=5 color=red>同意 UAC 且关闭杀软&#x2F;添加该软件到信任区</font>才可正常运行)<br>直接点击 “破解获得300M” 即可 软件会自动关闭ant<br><img src="/images/ant/2.png" alt="完成后需要手动开启ant"><br>然后你就可以重新获得 300MB 的流量了</p><h2 id="—–-Android-还在施工-—–"><a href="#—–-Android-还在施工-—–" class="headerlink" title="—– Android 还在施工 —–"></a>—– Android 还在施工 —–</h2><p>? 你确定吗 不妨看看F12?</p><!--## 在 Android 下通过重置软件来刷流量(其他工具基本也可以这样做)流量已经用过![](/images/ant/3.png)打开设置 -- 应用 -- ant (或其他的工具) -- 强行停止 -- 存储 -- 清除数据 -- 确定![应用](/images/ant/4.png)![ant](/images/ant/5.png)![强行停止&存储](/images/ant/6.png)![清除数据](/images/ant/7.png)![确定](/images/ant/8.png)再次打开 ant 就可以看到可用流量重置为 300MB 了一般来说是可以的 不过可能ant的不生效老王相对来说会成功-->]]></content>
    
    
    <categories>
      
      <category>软件</category>
      
      <category>科学上网</category>
      
    </categories>
    
    
  </entry>
  
  
  
  <entry>
    <title>用老设备看在线视频</title>
    <link href="/rita2/"/>
    <url>/rita2/</url>
    
    <content type="html"><![CDATA[<link rel="stylesheet" class="aplayer-secondary-style-marker" href="\assets\css\APlayer.min.css"><script src="\assets\js\APlayer.min.js" class="aplayer-secondary-script-marker"></script>        <div id="aplayer-hhyQIntl" class="aplayer aplayer-tag-marker" style="margin-bottom: 20px;">            <div class="hljs code-wrapper"><pre class="aplayer-lrc-content"></pre></div>        </div>        <script>          var ap = new APlayer({            element: document.getElementById("aplayer-hhyQIntl"),            narrow: false,            autoplay: true,            showlrc: false,            music: {              title: "WAP",              author: "Cardi B",              url: "https://media.antipa.cn/anti/awblog/wap-cardib.mp3",              pic: "https://img4.kuwo.cn/star/albumcover/500/87/43/2811814530.jpg",              lrc: ""            }          });          window.aplayers || (window.aplayers = []);          window.aplayers.push(ap);        </script><!-- =^∇^*= --><h1 id="Rita2-入门"><a href="#Rita2-入门" class="headerlink" title="Rita2 入门"></a>Rita2 入门</h1><p>网址:<a href="http://r2.antipa.cn/">http://r2.antipa.cn</a></p><h2 id="最近的节日更新-——-元旦！"><a href="#最近的节日更新-——-元旦！" class="headerlink" title="最近的节日更新 —— 元旦！"></a>最近的节日更新 —— 元旦！</h2><p><img src="/images/rita2/festival_update/1.png" alt="元旦更新"></p><h2 id="电影、电视、投稿的视频和手机电视"><a href="#电影、电视、投稿的视频和手机电视" class="headerlink" title="电影、电视、投稿的视频和手机电视"></a>电影、电视、投稿的视频和手机电视</h2><p><img src="/images/rita2/movies/1.png" alt="电影和电视"><br>在电影和电视中我们推荐了《猫和老鼠》《请以你的名字呼唤我》《你的名字。》<br>或者在下方点击”全部影视”即可观看更多电影<br><img src="/images/rita2/movies/2.png" alt="投稿的视频"><br>在下方点击”全部视频”即可观看更多用户投稿的视频<br>点击”用户投稿”,你也可以上传你的视频<br>或者加入我们的交流群也可以投稿电影、电视和视频<br><img src="/images/rita2/movies/3.png" alt="手机电视"><br>手机电视完全可以实现让你在手机上观看到目前电视台正在播出的节目<br>点击”所有频道”你还可以看到更多 CCTV 或地方电视台</p><h1 id="Rita-2-的独家内容"><a href="#Rita-2-的独家内容" class="headerlink" title="Rita 2 的独家内容"></a>Rita 2 的独家内容</h1><h2 id="音乐和广播电台"><a href="#音乐和广播电台" class="headerlink" title="音乐和广播电台"></a>音乐和广播电台</h2><p><img src="/images/rita2/music/1.png" alt="音乐"><br>音乐栏目你可以听到部分来自用户投稿的音乐并在线播放<br>你想投稿你的音乐？点击下方的”RitaMp3”<br>在新进的页面中点击”上传音乐”<br><img src="/images/rita2/music/2.png" alt="投稿音乐"><br>选择完文件点击”上传文件”即可<br><img src="/images/rita2/music/3.png" alt="广播电台"><br>广播电台可实现在线收听广播<br>点击”所有电台”即可听到更多广播如《中国之声》《经济之声》</p><h2 id="游戏和插画"><a href="#游戏和插画" class="headerlink" title="游戏和插画"></a>游戏和插画</h2><p><img src="/images/rita2/amusement/1.png" alt="W-Game"><br>有了”W-Game”你可以在任何移动设备上游玩 Wap 页游和 HTML5 游戏<br>甚至可以加入我们的 Rita3 MCPE 服务器<br><img src="/images/rita2/amusement/2.png" alt="游戏概览"><br><font size=5 color=red>我们的服务器24h 在线！但请不要使用 Steve 为用户名登陆！</font></p><a href="/rita3/" title="更多关于 Rita3 的介绍">更多关于 Rita3 的介绍</a>或<p><a href="http://blog.antipa.top/index.php/archives/23">Rita3 的官方介绍</a><br><img src="/images/rita2/amusement/3.png" alt="插画"><br>在这里你可看到来自 <a href="https://www.pixiv.net/">Pixiv</a> 和用户投稿的的图片<br>点击”所有插画”即可看到更多作品</p><h1 id="关于-Rita2"><a href="#关于-Rita2" class="headerlink" title="关于 Rita2"></a>关于 Rita2</h1><h2 id="如何加入-Rita2-交流群"><a href="#如何加入-Rita2-交流群" class="headerlink" title="如何加入 Rita2 交流群"></a>如何加入 Rita2 交流群</h2><p>点击网页上方的 “关于”<br>点击 GitHub 图标右边的 QQ 图标即可<br>或者直接在 QQ 搜索群号1054779110</p><h2 id="Rita-2-更新历程"><a href="#Rita-2-更新历程" class="headerlink" title="Rita 2 更新历程"></a>Rita 2 更新历程</h2><p>PRISM 于 2021.10.25 正式改名为 Rita2<br>Rita2 于 2021.12.01 已将服务器主页迁上云<br>sidoc 域名于 2021.12.01 23:59:59 后关闭</p>]]></content>
    
    
    <categories>
      
      <category>移动端</category>
      
      <category>手机</category>
      
    </categories>
    
    
  </entry>
  
  
  
  <entry>
    <title>Bitcomet 使用方法</title>
    <link href="/usebitcomet/"/>
    <url>/usebitcomet/</url>
    
    <content type="html"><![CDATA[<link rel="stylesheet" class="aplayer-secondary-style-marker" href="\assets\css\APlayer.min.css"><script src="\assets\js\APlayer.min.js" class="aplayer-secondary-script-marker"></script>        <div id="aplayer-nSuyiYBi" class="aplayer aplayer-tag-marker" style="margin-bottom: 20px;">            <div class="hljs code-wrapper"><pre class="aplayer-lrc-content"></pre></div>        </div>        <script>          var ap = new APlayer({            element: document.getElementById("aplayer-nSuyiYBi"),            narrow: false,            autoplay: true,            showlrc: false,            music: {              title: "Married Life",              author: "Sergy el Som",              url: "https://media.antipa.cn/anti/awblog/married_life-sergy.mp3",              pic: "https://p2.music.126.net/udCeBx-Dt-M4xgYyug0Sag==/109951164910250697.jpg",              lrc: ""            }          });          window.aplayers || (window.aplayers = []);          window.aplayers.push(ap);        </script><!-- =^∇^*= --><h1 id="简介"><a href="#简介" class="headerlink" title="简介"></a>简介</h1><p>利用 Bitcomet 及其电驴插件来代替迅雷的下载功能<br>实验环境:Windows 11<br>过程中出现的所有 UAC 弹窗请点击确定<br><img src="/images/Bitcometusage/1.png" alt="类似如此的"></p><h1 id="下载文件"><a href="#下载文件" class="headerlink" title="下载文件"></a>下载文件</h1><p><a href="https://savef-my.sharepoint.com/:u:/g/personal/goo_aw233_savef_onmicrosoft_com/EcEW1wyg7L5LuP0Hh7ZgAgIBpmm6ayUzIQc8kXHgfI3aGA?e=vdymuM">Bitcomet 学习版</a></p><h1 id="使用方法"><a href="#使用方法" class="headerlink" title="使用方法"></a>使用方法</h1><p>下载并解压后运行文件夹里的 “启用 UPnP 和提速服务”<br>等 cmd 窗口自动关闭后打开 “Bitcomet_x64.exe”<br>如果你是32位系统请运行 “Bitcomet.exe”</p><p>出现防火墙提示点击”允许访问”即可<br><img src="/images/Bitcometusage/2.png"></p><h2 id="下载磁力链-BT-HTTP-协议的文件"><a href="#下载磁力链-BT-HTTP-协议的文件" class="headerlink" title="下载磁力链,BT,HTTP 协议的文件"></a>下载磁力链,BT,HTTP 协议的文件</h2><p>点击左上角的”文件(F)” 在以下框中添加下载链接,BT 种子文件<br><img src="/images/Bitcometusage/3.png"><br>如果 BT 种子文件是冷门资源那将会下载非常慢</p><h2 id="下载-ED2K-协议的文件"><a href="#下载-ED2K-协议的文件" class="headerlink" title="下载 ED2K 协议的文件"></a>下载 ED2K 协议的文件</h2><p>点击上方的”工具(T)”–”电驴插件”–”显示插件窗口”<br><img src="/images/Bitcometusage/4.png"><br>如果出现以下报错请直接点击确定<br>防火墙提示点击”允许访问”即可<br><img src="/images/Bitcometusage/5.png"><br><img src="/images/Bitcometusage/2.png"><br>在出现的插件窗口点击最右边的”&gt;&gt;” 然后再点击工具<br><img src="/images/Bitcometusage/6.png"><br>点击”立即下载”<br><img src="/images/Bitcometusage/7.png"><br>在里面插入 ed2k 链接后点击”下载”即可<br><img src="/images/Bitcometusage/8.png"><br>下载速度会慢慢提升上去<br><img src="/images/Bitcometusage/9.png"></p><h1 id="更改下载目录"><a href="#更改下载目录" class="headerlink" title="更改下载目录"></a>更改下载目录</h1><h2 id="Bitcomet-更改下载目录"><a href="#Bitcomet-更改下载目录" class="headerlink" title="Bitcomet 更改下载目录"></a>Bitcomet 更改下载目录</h2><p>选择上方的”工具(T)”–”选项(P)”<br><img src="/images/Bitcometusage/10.png"><br>在新弹出的窗口中点击”下载目录”–”…”来选择你要更改到的下载路径<br><img src="/images/Bitcometusage/11.png"><br>点击下方的”确定”保存更改</p><h2 id="电驴更改下载目录"><a href="#电驴更改下载目录" class="headerlink" title="电驴更改下载目录"></a>电驴更改下载目录</h2><p>选择上方的”选项(O)”<br>在新弹出的窗口中点击”目录”–”下载文件”旁边的文件夹图标<br><img src="/images/Bitcometusage/12.png"><br>点击下方的”确定”保存更改</p>]]></content>
    
    
    <categories>
      
      <category>软件</category>
      
    </categories>
    
    
  </entry>
  
  
  
  <entry>
    <title>在 VMware 中使用 PE 装系统</title>
    <link href="/peinstallOS/"/>
    <url>/peinstallOS/</url>
    
    <content type="html"><![CDATA[<link rel="stylesheet" class="aplayer-secondary-style-marker" href="\assets\css\APlayer.min.css"><script src="\assets\js\APlayer.min.js" class="aplayer-secondary-script-marker"></script><!-- =^∇^*= --><h1 id="简介"><a href="#简介" class="headerlink" title="简介"></a>简介</h1><p>TIPS:该教程仅适用于 Windows XP 及以上的 Windows</p><p>实验环境:Windows 11 | VMware Workstation 16.2.1 | 微 PE v2.2</p><h1 id="开始操作"><a href="#开始操作" class="headerlink" title="开始操作"></a>开始操作</h1><h2 id="I-需要准备的材料-可以使用其他自备的材料"><a href="#I-需要准备的材料-可以使用其他自备的材料" class="headerlink" title="I:需要准备的材料(可以使用其他自备的材料)"></a>I:需要准备的材料(可以使用其他自备的材料)</h2><p><a href="https://www.wepe.com.cn/download.html">微PE</a> 或  <a href="https://firpe.cn/page-247">FirPE</a><br>VMware Workstation(其他虚拟机软件也大同小异)<br><a href="https://next.itellyou.cn/">系统镜像</a>或<a href="https://savef-my.sharepoint.com/:f:/g/personal/goo_aw233_savef_onmicrosoft_com/EtMnMsc19SZPiXnWTUNnXqQBnbMaRKZnmVJPBOXsnpPX4w?e=oBqlwd">我私人网盘里其他版本的 Windows</a></p><h2 id="II-创建虚拟机"><a href="#II-创建虚拟机" class="headerlink" title="II:创建虚拟机"></a>II:创建虚拟机</h2><p>详细过程不用多说 只有以下需要改动的地方</p><p>在 Windows 支持的情况下 能用 UEFI 和安全启动 的情况下请使用它|如果是 Ghost 系统请选择 BIOS 启动(Windows 11 除外)</p><p>你需要添加两个 CDROM<br><img src="/images/%E8%99%9A%E6%8B%9F%E6%9C%BApe%E8%A3%85%E7%B3%BB%E7%BB%9F/1.png"><br>TIPS:你需要先挂载 PE 的CDROM 等 PE 完全加载后再挂载镜像<br><img src="/images/%E8%99%9A%E6%8B%9F%E6%9C%BApe%E8%A3%85%E7%B3%BB%E7%BB%9F/2.png" alt="PE"><br><img src="/images/%E8%99%9A%E6%8B%9F%E6%9C%BApe%E8%A3%85%E7%B3%BB%E7%BB%9F/3.png" alt="镜像"></p><h2 id="III-在-PE-里安装系统"><a href="#III-在-PE-里安装系统" class="headerlink" title="III:在 PE 里安装系统"></a>III:在 PE 里安装系统</h2><h3 id="1-原版镜像安装"><a href="#1-原版镜像安装" class="headerlink" title="(1)原版镜像安装"></a>(1)原版镜像安装</h3><p>①:格式化并创建分区<br>首先打开桌面上的 “分区工具DiskGenius”<br>选中空白的磁盘 点击上方的 “新建分区” 并勾选以下内容<br><img src="/images/%E8%99%9A%E6%8B%9F%E6%9C%BApe%E8%A3%85%E7%B3%BB%E7%BB%9F/4.png"><br>分区大小按自己需求决定 最后点击左上角的 “保存更改” 并一路点击确定<br><img src="/images/%E8%99%9A%E6%8B%9F%E6%9C%BApe%E8%A3%85%E7%B3%BB%E7%BB%9F/5.png" alt="完成后可退出软件"></p><p>②:安装系统<br>点击桌面上的 “Dism++” 如果出现报错点击确定即可<br><img src="/images/%E8%99%9A%E6%8B%9F%E6%9C%BApe%E8%A3%85%E7%B3%BB%E7%BB%9F/6.png"><br>点击上方的 “恢复功能(R)”–”系统还原”<br><img src="/images/%E8%99%9A%E6%8B%9F%E6%9C%BApe%E8%A3%85%E7%B3%BB%E7%BB%9F/7.png"><br>这时候需要插入 Windows 原版镜像<br><img src="/images/%E8%99%9A%E6%8B%9F%E6%9C%BApe%E8%A3%85%E7%B3%BB%E7%BB%9F/8.png"><br>第一个空需要定位到 CD 的 sources\install 目录下的 install.wim 文件<br><img src="/images/%E8%99%9A%E6%8B%9F%E6%9C%BApe%E8%A3%85%E7%B3%BB%E7%BB%9F/9.png"><br>第二个空选择 C 盘即可 并勾选 “添加引导” 和 “格式化” 目标镜像可自己选择系统版本<br>完成后点击确定即可开始安装 Windows<br><img src="/images/%E8%99%9A%E6%8B%9F%E6%9C%BApe%E8%A3%85%E7%B3%BB%E7%BB%9F/10.png"><br>出现以下对话框时点击 “确定” 即可<br><img src="/images/%E8%99%9A%E6%8B%9F%E6%9C%BApe%E8%A3%85%E7%B3%BB%E7%BB%9F/11.png"></p><p>等待几分钟后 当 “Dism++” 出现 “C: 映像已经还原成功。” 时代表系统安装成功 这时可以把所有 CD 推出并重启进入系统部署界面</p><h3 id="2-Ghost-版系统安装"><a href="#2-Ghost-版系统安装" class="headerlink" title="(2)Ghost 版系统安装"></a>(2)Ghost 版系统安装</h3><p>①格式化并创建分区的过程与原版镜像安装差不多 少了MSR和ESP分区选项而已</p><p>①安装系统<br>点击桌面上的 “CGI备份还原”<br>在 “3.请选择镜像文件” 那点击后面的三个点来选择 .gho 文件（通常情况下会自动选择)<br><img src="/images/%E8%99%9A%E6%8B%9F%E6%9C%BApe%E8%A3%85%E7%B3%BB%E7%BB%9F/12.png" alt="选择后点击下方的 &quot;执行&quot;"><br>在此界面不需要勾选任何选项 点击确定即可<br><img src="/images/%E8%99%9A%E6%8B%9F%E6%9C%BApe%E8%A3%85%E7%B3%BB%E7%BB%9F/13.png"></p><p>等待几分钟后 当 “CGI备份还原” 还原成功时点开桌面上的 “Dism++” 并忽略报错<br>点击上方的 “恢复功能(R)”–”引导修复” <font size=5 color=red>(需要先点击旁边选中的 Windows 才可修复)</font><br><img src="/images/%E8%99%9A%E6%8B%9F%E6%9C%BApe%E8%A3%85%E7%B3%BB%E7%BB%9F/14.png"><br>直接点击确定即可<br><img src="/images/%E8%99%9A%E6%8B%9F%E6%9C%BApe%E8%A3%85%E7%B3%BB%E7%BB%9F/15.png"></p><p>最后重启虚拟机 在系统引导界面选择第一个 Windows 引导项 之后就可以进入到系统部署界面了 这时可以把所有 CD 推出</p>]]></content>
    
    
    <categories>
      
      <category>VMware</category>
      
      <category>Workstation</category>
      
    </categories>
    
    
  </entry>
  
  
  
  <entry>
    <title>VMware 无法安装 Windows 11 的解决办法</title>
    <link href="/vmusewin11/"/>
    <url>/vmusewin11/</url>
    
    <content type="html"><![CDATA[<link rel="stylesheet" class="aplayer-secondary-style-marker" href="\assets\css\APlayer.min.css"><script src="\assets\js\APlayer.min.js" class="aplayer-secondary-script-marker"></script><!-- =^∇^*= --><h1 id="简介"><a href="#简介" class="headerlink" title="简介"></a>简介</h1><p>TIPS:你的 <a href="https://docs.microsoft.com/zh-CN/windows-hardware/design/minimum/supported/windows-11-supported-intel-processors">Intel CPU</a>,<a href="https://docs.microsoft.com/zh-CN/windows-hardware/design/minimum/supported/windows-11-supported-amd-processors">AMD CPU</a> 或 <a href="https://docs.microsoft.com/zh-cn/windows-hardware/design/minimum/supported/windows-11-supported-qualcomm-processors">Qualcomm CPU</a> 需要满足里面的要求 无法满足请使用 PE 安装</p><p>实验环境:Windows 11|VMware Workstation 16.2.1</p><h1 id="遇到的问题"><a href="#遇到的问题" class="headerlink" title="遇到的问题"></a>遇到的问题</h1><p><img src="/images/vm%E6%97%A0%E6%B3%95%E8%A3%85win11/1.png"></p><h2 id="解决方案-I"><a href="#解决方案-I" class="headerlink" title="解决方案 I"></a>解决方案 I</h2><p>给虚拟机修改以下配置</p><p>(1):将 CPU 以及 RAM 修改为以下配置<br>CPU 2核&#x2F;2个 CPU|RAM 大小 4GB 起步|ROM 60GB 起步<br><img src="/images/vm%E6%97%A0%E6%B3%95%E8%A3%85win11/2.png"></p><p>(2):开启 UEFI 以及安全启动<br><img src="/images/vm%E6%97%A0%E6%B3%95%E8%A3%85win11/3.png"></p><p>(3):添加 TPM (可信平台模块)</p><p>方法①:适用于 Workstation 14 以上<br>首先需要加密虚拟机<br><img src="/images/vm%E6%97%A0%E6%B3%95%E8%A3%85win11/4.png"><br>然后再添加 TPM (可信平台模块)<br><img src="/images/vm%E6%97%A0%E6%B3%95%E8%A3%85win11/5.png"></p><p>方法②:适用于 Workstation 16.2.0 以上</p><a href="/vmusetpm/" title="VM免加密开TPM">VM免加密开TPM</a><h2 id="解决方案-II"><a href="#解决方案-II" class="headerlink" title="解决方案 II"></a>解决方案 II</h2><a href="/peinstallOS/" title="使用 PE 安装">使用 PE 安装</a>]]></content>
    
    
    <categories>
      
      <category>VMware</category>
      
      <category>Workstation</category>
      
    </categories>
    
    
  </entry>
  
  
  
  <entry>
    <title>Workstation 免加密启用TPM</title>
    <link href="/vmusetpm/"/>
    <url>/vmusetpm/</url>
    
    <content type="html"><![CDATA[<link rel="stylesheet" class="aplayer-secondary-style-marker" href="\assets\css\APlayer.min.css"><script src="\assets\js\APlayer.min.js" class="aplayer-secondary-script-marker"></script><!-- =^∇^*= --><h1 id="简介"><a href="#简介" class="headerlink" title="简介"></a>简介</h1><p>TIPS:该功能仅适用于16.2及以上的版本 并且会导致<font size=7 color=red>加密无法移除</font></p><p>实验环境:Windows 11 | VMware Workstation 16.2.1</p><h1 id="开始操作"><a href="#开始操作" class="headerlink" title="开始操作"></a>开始操作</h1><h2 id="创建一个虚拟机-并启用UEFI和安全启动"><a href="#创建一个虚拟机-并启用UEFI和安全启动" class="headerlink" title="创建一个虚拟机 并启用UEFI和安全启动"></a>创建一个虚拟机 并启用UEFI和安全启动</h2><p>如图下所示<br><img src="/images/vm%E5%85%8D%E5%AF%86tpm/1.png"></p><h2 id="在-vmx-中添加相应代码"><a href="#在-vmx-中添加相应代码" class="headerlink" title="在 .vmx 中添加相应代码"></a>在 .vmx 中添加相应代码</h2><p>先关闭 VMware Workstation 主程序<br>用任意编辑器打开 .vmx 文件 在结尾添加以下代码后保存</p><figure class="highlight bash"><table><tr><td class="gutter hljs"><div class="hljs code-wrapper"><pre><span class="line">1</span><br></pre></div></td><td class="code"><div class="hljs code-wrapper"><pre><code class="hljs bash">managedvm.autoAddVTPM = <span class="hljs-string">&quot;software&quot;</span><br></code></pre></div></td></tr></table></figure><p>如下图所示<br><img src="/images/vm%E5%85%8D%E5%AF%86tpm/2.png"></p><p>重新打开 VMware Workstation 并选中虚拟机<br>这样你就可以做到免加密且开启 TPM 了<br><img src="/images/vm%E5%85%8D%E5%AF%86tpm/3.png"></p>]]></content>
    
    
    <categories>
      
      <category>VMware</category>
      
      <category>Workstation</category>
      
    </categories>
    
    
  </entry>
  
  
  
  
</search>
